,Company Urls
0,https://clutch.co/profile/algoworks
1,https://clutch.co/profile/hyperlink-infosystem
2,https://clutch.co/profile/emizen-tech
3,https://clutch.co/profile/confianz-global
4,https://clutch.co/profile/naked
5,https://clutch.co/profile/mercury-development
6,https://clutch.co/profile/netguru
7,https://clutch.co/profile/ninehertz
8,https://clutch.co/profile/sidebench
9,https://clutch.co/profile/blue-label-labs
10,https://clutch.co/profile/s-pro
11,https://clutch.co/profile/appinventiv
12,https://clutch.co/profile/applify
13,https://clutch.co/profile/techahead
14,https://clutch.co/profile/cheesecake-labs
15,https://clutch.co/profile/geniusee
16,https://clutch.co/profile/itcraft
17,https://clutch.co/profile/tapptitude
18,https://clutch.co/profile/chopdawgcom
19,https://clutch.co/profile/infinum
20,https://clutch.co/profile/utility
21,https://clutch.co/profile/michigan-software-labs
22,https://clutch.co/profile/3-sided-cube
23,https://clutch.co/profile/dedicated-developers
24,https://clutch.co/profile/quytech
25,https://clutch.co/profile/xmartlabs
26,https://clutch.co/profile/mtraction-enterprise
27,https://clutch.co/profile/citrusbits
28,https://clutch.co/profile/rv-technologies
29,https://clutch.co/profile/radiansys
30,https://clutch.co/profile/mindsea
31,https://clutch.co/profile/otakoyi
32,https://clutch.co/profile/yalantis
33,https://clutch.co/profile/azumo
34,https://clutch.co/profile/konstant-infosolutions
35,https://clutch.co/profile/halcyon-mobile
36,https://clutch.co/profile/wolfpack-digital
37,https://clutch.co/profile/3advance
38,https://clutch.co/profile/zazz
39,https://clutch.co/profile/promatics-technologies
40,https://clutch.co/profile/glance
41,https://clutch.co/profile/digiruu
42,https://clutch.co/profile/andersen
43,https://clutch.co/profile/apptension
44,https://clutch.co/profile/mdevelopers
45,https://clutch.co/profile/zobi-web-solutions-private
46,https://clutch.co/profile/blue-whale-apps
47,https://clutch.co/profile/tapston
48,https://clutch.co/profile/small-planet
49,https://clutch.co/profile/clarika
50,https://clutch.co/profile/camber-creative
51,https://clutch.co/profile/softensy
52,https://clutch.co/profile/hedgehog-lab
53,https://clutch.co/profile/ninetwothree-venture-studio
54,https://clutch.co/profile/zco
55,https://clutch.co/profile/lampa-software
56,https://clutch.co/profile/mutual-mobile
57,https://clutch.co/profile/eleviant-tech
58,https://clutch.co/profile/apptailors
59,https://clutch.co/profile/moove-it
60,https://clutch.co/profile/ajath
61,https://clutch.co/profile/steelkiwi
62,https://clutch.co/profile/plathanus
63,https://clutch.co/profile/onetree
64,https://clutch.co/profile/clover-studio
65,https://clutch.co/profile/mtoag-technologies
66,https://clutch.co/profile/you-are-launched
67,https://clutch.co/profile/origami-studios
68,https://clutch.co/profile/enozom-software
69,https://clutch.co/profile/futured
70,https://clutch.co/profile/yugasa-software-labs
71,https://clutch.co/profile/geekyants
72,https://clutch.co/profile/big-nerd-ranch
73,https://clutch.co/profile/inapps-technology
74,https://clutch.co/profile/new-line-technologies
75,https://clutch.co/profile/appunite
76,https://clutch.co/profile/calibrate-software
77,https://clutch.co/profile/horus
78,https://clutch.co/profile/thinkup-0
79,https://clutch.co/profile/nickelfox
80,https://clutch.co/profile/workingeeks
81,https://clutch.co/profile/heveloon
82,https://clutch.co/profile/softwarehut
83,https://clutch.co/profile/tooploox
84,https://clutch.co/profile/coherent-lab-llp-0
85,https://clutch.co/profile/oldst-labs
86,https://clutch.co/profile/ars-futura
87,https://clutch.co/profile/rubikal
88,https://clutch.co/profile/mindgrub
89,https://clutch.co/profile/instil-software
90,https://clutch.co/profile/aloa-0
91,https://clutch.co/profile/perpetio
92,https://clutch.co/profile/mobile-reality
93,https://clutch.co/profile/iteo-1
94,https://clutch.co/profile/cmarix
95,https://clutch.co/profile/app-master
96,https://clutch.co/profile/zero-molecule
97,https://clutch.co/profile/begin
98,https://clutch.co/profile/busy-human
99,https://clutch.co/profile/a3logics
100,https://clutch.co/profile/brainvire-infotech
101,https://clutch.co/profile/strv
102,https://clutch.co/profile/droids-roids
103,https://clutch.co/profile/tekrevol
104,https://clutch.co/profile/miquido
105,https://clutch.co/profile/apadmi
106,https://clutch.co/profile/deviniti
107,https://clutch.co/profile/brancosoft
108,https://clutch.co/profile/createthrive
109,https://clutch.co/profile/ackee
110,https://clutch.co/profile/richestsoft
111,https://clutch.co/profile/nomtek
112,https://clutch.co/profile/arctouch
113,https://clutch.co/profile/atomic-object
114,https://clutch.co/profile/designli
115,https://clutch.co/profile/freshworks-studio
116,https://clutch.co/profile/dev-technosys
117,https://clutch.co/profile/core-mobile-app-development
118,https://clutch.co/profile/arka-softwares
119,https://clutch.co/profile/stfalcon
120,https://clutch.co/profile/fueled
121,https://clutch.co/profile/wdi
122,https://clutch.co/profile/sigma-software-group
123,https://clutch.co/profile/q-agency
124,https://clutch.co/profile/247-labs
125,https://clutch.co/profile/net-solutions
126,https://clutch.co/profile/red-foundry
127,https://clutch.co/profile/appetiser
128,https://clutch.co/profile/eb-pearls
129,https://clutch.co/profile/9series
130,https://clutch.co/profile/onix-systems
131,https://clutch.co/profile/softblues
132,https://clutch.co/profile/fivedottwelve
133,https://clutch.co/profile/rootquotient
134,https://clutch.co/profile/netsells-group
135,https://clutch.co/profile/groovy-web-llp
136,https://clutch.co/profile/orangesoft
137,https://clutch.co/profile/powergate-software
138,https://clutch.co/profile/light-it-global
139,https://clutch.co/profile/somnio-software
140,https://clutch.co/profile/dogtown-media
141,https://clutch.co/profile/nerdz-lab
142,https://clutch.co/profile/koombea
143,https://clutch.co/profile/gorilla-logic
144,https://clutch.co/profile/anadea
145,https://clutch.co/profile/10pearls
146,https://clutch.co/profile/distance-app-developers
147,https://clutch.co/profile/bhw-group
148,https://clutch.co/profile/sonin-app-development
149,https://clutch.co/profile/empat
150,https://clutch.co/profile/rocketech
151,https://clutch.co/profile/riseapps
152,https://clutch.co/profile/zudu
153,https://clutch.co/profile/brightec
154,https://clutch.co/profile/intent
155,https://clutch.co/profile/sda
156,https://clutch.co/profile/exploding-phone
157,https://clutch.co/profile/rantmedia
158,https://clutch.co/profile/appstudio
159,https://clutch.co/profile/clearsummit
160,https://clutch.co/profile/apzumi
161,https://clutch.co/profile/riksof
162,https://clutch.co/profile/capital-numbers
163,https://clutch.co/profile/blink22
164,https://clutch.co/profile/closeloop-technologies
165,https://clutch.co/profile/diffco
166,https://clutch.co/profile/specno
167,https://clutch.co/profile/itechart-group
168,https://clutch.co/profile/geekbears
169,https://clutch.co/profile/digiryte
170,https://clutch.co/profile/exelor
171,https://clutch.co/profile/itmagination
172,https://clutch.co/profile/volo
173,https://clutch.co/profile/jafton
174,https://clutch.co/profile/app-maisters
175,https://clutch.co/profile/goji-labs
176,https://clutch.co/profile/kellton-tech-0
177,https://clutch.co/profile/semaphore-mobile
178,https://clutch.co/profile/appzoro-technologies
179,https://clutch.co/profile/fortnight
180,https://clutch.co/profile/cultivate
181,https://clutch.co/profile/stakk
182,https://clutch.co/profile/intelivita
183,https://clutch.co/profile/launchpad-app-development
184,https://clutch.co/profile/kindgeek
185,https://clutch.co/profile/codewave-technologies
186,https://clutch.co/profile/waracle
187,https://clutch.co/profile/interexy
188,https://clutch.co/profile/thumbmunkeys
189,https://clutch.co/profile/prismetric
190,https://clutch.co/profile/appit-ventures
191,https://clutch.co/profile/cshark
192,https://clutch.co/profile/appikr-labs
193,https://clutch.co/profile/app-flow
194,https://clutch.co/profile/app-makers-la
195,https://clutch.co/profile/trigma
196,https://clutch.co/profile/kdg
197,https://clutch.co/profile/appify-0
198,https://clutch.co/profile/lizard-global
199,https://clutch.co/profile/sparxit
200,https://clutch.co/profile/alphonic-network-solutions
201,https://clutch.co/profile/indus-net-technologies
202,https://clutch.co/profile/sidekick-interactive
203,https://clutch.co/profile/five-pack
204,https://clutch.co/profile/sotatek-jsc
205,https://clutch.co/profile/simform
206,https://clutch.co/profile/lickability
207,https://clutch.co/profile/space-o-technologies
208,https://clutch.co/profile/simpalm
209,https://clutch.co/profile/wesoftyou
210,https://clutch.co/profile/sciencesoft
211,https://clutch.co/profile/shakuro
212,https://clutch.co/profile/venturedive
213,https://clutch.co/profile/sem-nexus
214,https://clutch.co/profile/coax-software
215,https://clutch.co/profile/silverchip
216,https://clutch.co/profile/codigodelsur
217,https://clutch.co/profile/otrofy
218,https://clutch.co/profile/chromedia
219,https://clutch.co/profile/vincit
220,https://clutch.co/profile/binmile-technologies
221,https://clutch.co/profile/cognitiveclouds
222,https://clutch.co/profile/digitrends
223,https://clutch.co/profile/intuz
224,https://clutch.co/profile/guaran%C3%A1-technologies
225,https://clutch.co/profile/owebest-technologies
226,https://clutch.co/profile/strivemindz
227,https://clutch.co/profile/mystic-media
228,https://clutch.co/profile/towerhouse-studio
229,https://clutch.co/profile/atta-systems
230,https://clutch.co/profile/digital-awesome
231,https://clutch.co/profile/softnauts
232,https://clutch.co/profile/binary-studio
233,https://clutch.co/profile/x2-mobile
234,https://clutch.co/profile/monkhub-innovations
235,https://clutch.co/profile/happybyte
236,https://clutch.co/profile/bluegrass-digital
237,https://clutch.co/profile/nimblechapps
238,https://clutch.co/profile/innowise-group
239,https://clutch.co/profile/indiespring
240,https://clutch.co/profile/coherent-solutions
241,https://clutch.co/profile/exoft
242,https://clutch.co/profile/anyforsoft
243,https://clutch.co/profile/applover
244,https://clutch.co/profile/red-hawk-technologies
245,https://clutch.co/profile/lean-apps
246,https://clutch.co/profile/diginix-ai-it-solutions-dubai
247,https://clutch.co/profile/raccoopack-media
248,https://clutch.co/profile/glorium-technologies
249,https://clutch.co/profile/praxent
250,https://clutch.co/profile/corporation-pop
251,https://clutch.co/profile/varfaj
252,https://clutch.co/profile/cool-digital-solutions
253,https://clutch.co/profile/experion-technologies
254,https://clutch.co/profile/attract-group
255,https://clutch.co/profile/idea-box
256,https://clutch.co/profile/proarea
257,https://clutch.co/profile/dot-com-development
258,https://clutch.co/profile/mobulous
259,https://clutch.co/profile/cubezoo
260,https://clutch.co/profile/brainium-information-technologies
261,https://clutch.co/profile/rootstrap
262,https://clutch.co/profile/zoolatech
263,https://clutch.co/profile/artkai
264,https://clutch.co/profile/thoughtbot
265,https://clutch.co/profile/digis
266,https://clutch.co/profile/dreamwalk-app-development
267,https://clutch.co/profile/lanars
268,https://clutch.co/profile/intermedia
269,https://clutch.co/profile/isbx
270,https://clutch.co/profile/adamo-software
271,https://clutch.co/profile/appuchino
272,https://clutch.co/profile/b2c-infosolutions
273,https://clutch.co/profile/crosscomm
274,https://clutch.co/profile/softermii
275,https://clutch.co/profile/saritasa
276,https://clutch.co/profile/theapplabb
277,https://clutch.co/profile/mobcoder
278,https://clutch.co/profile/solveit
279,https://clutch.co/profile/wve-labs
280,https://clutch.co/profile/ripenapps
281,https://clutch.co/profile/tech-exactly
282,https://clutch.co/profile/mobilefolk
283,https://clutch.co/profile/cubix
284,https://clutch.co/profile/groove-jones
285,https://clutch.co/profile/bixlabs
286,https://clutch.co/profile/artjoker-software
287,https://clutch.co/profile/osedea
288,https://clutch.co/profile/pagepro
289,https://clutch.co/profile/productcrafters
290,https://clutch.co/profile/hypersense-software
291,https://clutch.co/profile/orases
292,https://clutch.co/profile/merixstudio
293,https://clutch.co/profile/incepteo
294,https://clutch.co/profile/frenchy-digital
295,https://clutch.co/profile/dot-com-infoway
296,https://clutch.co/profile/deventure
297,https://clutch.co/profile/ateliware
298,https://clutch.co/profile/wonderment-apps
299,https://clutch.co/profile/sloboda-studio
300,https://clutch.co/profile/hqsoftware
301,https://clutch.co/profile/studio-12-0
302,https://clutch.co/profile/applaunch-0
303,https://clutch.co/profile/woodridge-software
304,https://clutch.co/profile/helpful-insight
305,https://clutch.co/profile/mentormate
306,https://clutch.co/profile/launchcode
307,https://clutch.co/profile/silicon-it-hub
308,https://clutch.co/profile/jetrockets
309,https://clutch.co/profile/ae-studio
310,https://clutch.co/profile/rapptr-labs
311,https://clutch.co/profile/andplus-ensono-company
312,https://clutch.co/profile/atmosphere-apps
313,https://clutch.co/profile/rave-digital
314,https://clutch.co/profile/brainhub
315,https://clutch.co/profile/pairroxz
316,https://clutch.co/profile/premiersoft
317,https://clutch.co/profile/inapp
318,https://clutch.co/profile/brand-beyond
319,https://clutch.co/profile/linnify
320,https://clutch.co/profile/foresight-mobile
321,https://clutch.co/profile/slingshot-0
322,https://clutch.co/profile/vog-app-developers
323,https://clutch.co/profile/gnar-company
324,https://clutch.co/profile/incora
325,https://clutch.co/profile/3brain-technologies
326,https://clutch.co/profile/tkxel
327,https://clutch.co/profile/lunar-logic
328,https://clutch.co/profile/k7-tech
329,https://clutch.co/profile/neoteric
330,https://clutch.co/profile/accelerance
331,https://clutch.co/profile/crest-coder
332,https://clutch.co/profile/cisin
333,https://clutch.co/profile/spire-digital
334,https://clutch.co/profile/foreignerds
335,https://clutch.co/profile/appello-software
336,https://clutch.co/profile/celadon
337,https://clutch.co/profile/gonet
338,https://clutch.co/profile/cleveroad
339,https://clutch.co/profile/black-widow-tech
340,https://clutch.co/profile/swenson-he
341,https://clutch.co/profile/beetroot-ab
342,https://clutch.co/profile/moonward-apps
343,https://clutch.co/profile/octobot
344,https://clutch.co/profile/arcade-dev-house
345,https://clutch.co/profile/limegreen-apps
346,https://clutch.co/profile/supercharge
347,https://clutch.co/profile/one-beyond
348,https://clutch.co/profile/appoly
349,https://clutch.co/profile/flynaut
350,https://clutch.co/profile/aalpha-information-systems-india
351,https://clutch.co/profile/fingent
352,https://clutch.co/profile/undabot
353,https://clutch.co/profile/silverlogic
354,https://clutch.co/profile/tintash
355,https://clutch.co/profile/stx-next
356,https://clutch.co/profile/agency04
357,https://clutch.co/profile/scalefocus
358,https://clutch.co/profile/kultprosvet
359,https://clutch.co/profile/ar
360,https://clutch.co/profile/fulcrum
361,https://clutch.co/profile/wp-pals
362,https://clutch.co/profile/savas-labs
363,https://clutch.co/profile/kms-solutions
364,https://clutch.co/profile/app-scoop
365,https://clutch.co/profile/technology-rivers
366,https://clutch.co/profile/plavno
367,https://clutch.co/profile/lloyds-digital
368,https://clutch.co/profile/lr
369,https://clutch.co/profile/designscodes
370,https://clutch.co/profile/binary-mango
371,https://clutch.co/profile/axat-technologies
372,https://clutch.co/profile/rocket-farm-studios
373,https://clutch.co/profile/intelligenes
374,https://clutch.co/profile/eureka-software
375,https://clutch.co/profile/vrinsoft-technology
376,https://clutch.co/profile/wave-digital
377,https://clutch.co/profile/pocketworks
378,https://clutch.co/profile/aubergine-solutions
379,https://clutch.co/profile/alliancetek
380,https://clutch.co/profile/aks-interactive-solutions
381,https://clutch.co/profile/w3care-technologies
382,https://clutch.co/profile/peiko
383,https://clutch.co/profile/baytech-consulting
384,https://clutch.co/profile/powercode
385,https://clutch.co/profile/coreline
386,https://clutch.co/profile/iqlance-solutions
387,https://clutch.co/profile/studio-graphene
388,https://clutch.co/profile/appetizer-mobile
389,https://clutch.co/profile/essential-designs
390,https://clutch.co/profile/matellio
391,https://clutch.co/profile/arch
392,https://clutch.co/profile/design-genious-corp
393,https://clutch.co/profile/keep-calm-labs
394,https://clutch.co/profile/mindk
395,https://clutch.co/profile/leaware
396,https://clutch.co/profile/zoondia
397,https://clutch.co/profile/webo-digital
398,https://clutch.co/profile/impero-it-services
399,https://clutch.co/profile/tremend-software-consulting
400,https://clutch.co/profile/algoworks
401,https://clutch.co/profile/hyperlink-infosystem
402,https://clutch.co/profile/emizen-tech
403,https://clutch.co/profile/confianz-global
404,https://clutch.co/profile/naked
405,https://clutch.co/profile/mercury-development
406,https://clutch.co/profile/netguru
407,https://clutch.co/profile/ninehertz
408,https://clutch.co/profile/sidebench
409,https://clutch.co/profile/blue-label-labs
410,https://clutch.co/profile/s-pro
411,https://clutch.co/profile/appinventiv
412,https://clutch.co/profile/applify
413,https://clutch.co/profile/techahead
414,https://clutch.co/profile/cheesecake-labs
415,https://clutch.co/profile/geniusee
416,https://clutch.co/profile/itcraft
417,https://clutch.co/profile/tapptitude
418,https://clutch.co/profile/chopdawgcom
419,https://clutch.co/profile/infinum
420,https://clutch.co/profile/utility
421,https://clutch.co/profile/michigan-software-labs
422,https://clutch.co/profile/3-sided-cube
423,https://clutch.co/profile/dedicated-developers
424,https://clutch.co/profile/quytech
425,https://clutch.co/profile/xmartlabs
426,https://clutch.co/profile/mtraction-enterprise
427,https://clutch.co/profile/citrusbits
428,https://clutch.co/profile/rv-technologies
429,https://clutch.co/profile/radiansys
430,https://clutch.co/profile/mindsea
431,https://clutch.co/profile/otakoyi
432,https://clutch.co/profile/yalantis
433,https://clutch.co/profile/azumo
434,https://clutch.co/profile/konstant-infosolutions
435,https://clutch.co/profile/halcyon-mobile
436,https://clutch.co/profile/wolfpack-digital
437,https://clutch.co/profile/3advance
438,https://clutch.co/profile/zazz
439,https://clutch.co/profile/promatics-technologies
440,https://clutch.co/profile/glance
441,https://clutch.co/profile/digiruu
442,https://clutch.co/profile/andersen
443,https://clutch.co/profile/apptension
444,https://clutch.co/profile/mdevelopers
445,https://clutch.co/profile/zobi-web-solutions-private
446,https://clutch.co/profile/blue-whale-apps
447,https://clutch.co/profile/tapston
448,https://clutch.co/profile/small-planet
449,https://clutch.co/profile/clarika
450,https://clutch.co/profile/camber-creative
451,https://clutch.co/profile/softensy
452,https://clutch.co/profile/hedgehog-lab
453,https://clutch.co/profile/ninetwothree-venture-studio
454,https://clutch.co/profile/zco
455,https://clutch.co/profile/lampa-software
456,https://clutch.co/profile/mutual-mobile
457,https://clutch.co/profile/eleviant-tech
458,https://clutch.co/profile/apptailors
459,https://clutch.co/profile/moove-it
460,https://clutch.co/profile/ajath
461,https://clutch.co/profile/steelkiwi
462,https://clutch.co/profile/plathanus
463,https://clutch.co/profile/onetree
464,https://clutch.co/profile/clover-studio
465,https://clutch.co/profile/mtoag-technologies
466,https://clutch.co/profile/you-are-launched
467,https://clutch.co/profile/origami-studios
468,https://clutch.co/profile/enozom-software
469,https://clutch.co/profile/futured
470,https://clutch.co/profile/yugasa-software-labs
471,https://clutch.co/profile/geekyants
472,https://clutch.co/profile/big-nerd-ranch
473,https://clutch.co/profile/inapps-technology
474,https://clutch.co/profile/new-line-technologies
475,https://clutch.co/profile/appunite
476,https://clutch.co/profile/calibrate-software
477,https://clutch.co/profile/horus
478,https://clutch.co/profile/thinkup-0
479,https://clutch.co/profile/nickelfox
480,https://clutch.co/profile/captain-code
481,https://clutch.co/profile/mk-hitech-solution
482,https://clutch.co/profile/kopium-tech
483,https://clutch.co/profile/omginet
484,https://clutch.co/profile/viral-media-works
485,https://clutch.co/profile/m-infosoft
486,https://clutch.co/profile/mindsmind
487,https://clutch.co/profile/cronative-tech-solutions-llp
488,https://clutch.co/profile/playdev-piotr-szary
489,https://clutch.co/profile/shobhit-chawla
