,InstagramPostLink
0,https://www.instagram.com/p/Cc7i9IxsCmN/
1,https://www.instagram.com/p/Cc7qZS0vzuf/
2,https://www.instagram.com/p/Cc7j5p_P5a6/
3,https://www.instagram.com/p/Cc6yFbmofKX/
4,https://www.instagram.com/p/Cc60r4eMUvg/
5,https://www.instagram.com/p/Cc66pRws28D/
6,https://www.instagram.com/p/Cc7CMQlsGzo/
7,https://www.instagram.com/p/Cc7bj4CMcEx/
8,https://www.instagram.com/p/Cc7APEJNswg/
9,https://www.instagram.com/p/Cc7ypAbvPgA/
10,https://www.instagram.com/p/Cc7ycyllUgC/
11,https://www.instagram.com/p/Cc7yq-TMYQR/
12,https://www.instagram.com/p/Cc7ywTLrwmS/
13,https://www.instagram.com/p/Cc7y0q2rbCT/
14,https://www.instagram.com/p/Cc7y1ZcK5MX/
15,https://www.instagram.com/p/Cc7ytbauPMa/
16,https://www.instagram.com/p/Cc7yxxGOcae/
17,https://www.instagram.com/p/Cc7yo61NUUe/
18,https://www.instagram.com/p/Cc7ys0wLBau/
19,https://www.instagram.com/p/Cc7yz2SuyM2/
20,https://www.instagram.com/p/Cc7ysBGNxi4/
21,https://www.instagram.com/p/Cc7yr2bsCW7/
22,https://www.instagram.com/p/Cc7y0ZyqjvE/
23,https://www.instagram.com/p/Cc7yuSasQzK/
24,https://www.instagram.com/p/Cc7yqG3qtTS/
25,https://www.instagram.com/p/Cc7yqCiMkTU/
26,https://www.instagram.com/p/Cc7y0m7Pl1W/
27,https://www.instagram.com/p/Cc7y1t9otXZ/
28,https://www.instagram.com/p/Cc7yoy5rVhd/
29,https://www.instagram.com/p/Cc7yxgLLYZe/
30,https://www.instagram.com/p/Cc7yiVqpIJt/
31,https://www.instagram.com/p/Cc7yuqJrVBz/
32,https://www.instagram.com/p/Cc7yv8aOFb1/
33,https://www.instagram.com/p/Cc7ylvZM7eZ/
34,https://www.instagram.com/p/Cc7yn_Psyn2/
35,https://www.instagram.com/p/Cc7w_zYjYtU/
36,https://www.instagram.com/p/Cc7yoMEIFw9/
37,https://www.instagram.com/p/Cc7yjKhuqt_/
38,https://www.instagram.com/p/Cc7ygUfOZp_/
39,https://www.instagram.com/p/Cc7yb1JNk-G/
40,https://www.instagram.com/p/Cc7ygSSIRUL/
41,https://www.instagram.com/p/Cc7yihCJ6IX/
42,https://www.instagram.com/p/Cc7yim8DmAX/
43,https://www.instagram.com/p/Cc7yfIWuqwf/
44,https://www.instagram.com/p/Cc7ykVjPZOk/
45,https://www.instagram.com/p/Cc7yg3DNqKk/
46,https://www.instagram.com/p/Cc7yjzfudas/
47,https://www.instagram.com/p/Cc7yl6kurAt/
48,https://www.instagram.com/
49,https://www.instagram.com/
50,https://www.instagram.com/direct/inbox/
51,https://www.instagram.com/explore/
52,https://www.instagram.com/accounts/activity/
53,https://about.facebook.com/meta
54,https://about.instagram.com/
55,https://about.instagram.com/blog/
56,https://www.instagram.com/about/jobs/
57,https://help.instagram.com/
58,https://developers.facebook.com/docs/instagram
59,https://www.instagram.com/legal/privacy/
60,https://www.instagram.com/legal/terms/
61,https://www.instagram.com/directory/profiles/
62,https://www.instagram.com/directory/hashtags/
63,https://www.instagram.com/explore/locations/
64,https://www.instagram.com/web/lite/
